subject,paperr,date,priority,topics
French,Speaking,26/04/2018,6,House and Home
Computer Science,Theory,14/05/2018,9,All content
RS,Religion and Ethics,14/05/2018,9,All content
French,Listening,15/05/2018,6,All content
French,Reading,15/05/2018,6,All content
Biology,P1H,15/05/2018,9,1a/1b/2a/2b/2c/3/4
Chemistry,P1H,17/05/2018,9,1a/1b/2a/2b/3/4/5
Computer Science,Application,17/05/2018,3,All content
French,Writing,18/05/2018,9,All content
English Lit,Paper 1,22/05/2018,9,Merchant of Venice/A Christmas Carol
Physics,P1H,23/05/2018,9,1a/1b/2a/2b/3/4
Maths,Paper 1,24/05/2018,9,Number/Algebra/Graphs/Ratio Proportion/Geometry and Measures/Pythagoras and Trig/Probability and Statistics
English Lit,Paper 2,25/05/2018,9,Poetry: Power and Conflict/Lord of the Flies/Unseen
History,Paper 1,04/06/2018,6,Medicine through time and the Western Front
English Lang,Paper 1,05/06/2018,9,Literature Text/Creative Writing
Music,Appraising,06/06/2018,9,All content
Maths,Paper 2,07/06/2018,9,Number/Algebra/Graphs/Ratio Proportion/Geometry and Measures/Pythagoras and Trig/Probability and Statistics
English Lang,Paper 2,08/06/2018,9,non-fiction and literary non-fiction/persuasive writing
History,Paper 2,08/06/2018,9,Anglo-Saxons/Superpower Relations
Biology,P2H,11/06/2018,6,5a/5b/6a/6b/6c/7a/7b
Maths,Paper 3,12/06/2018,9,Number/Algebra/Graphs/Ratio Proportion/Geometry and Measures/Pythagoras and Trig/Probability and Statistics
History,Paper 3,12/06/2018,6,USA at home and abroad
Chemistry,P2H,13/06/2018,6,6a/6b/7/8/9/10
Physics,P2H,15/06/2018,9,5a/5b/5c/5d/6a/6b/7
