Thu 31/05/18,Maths: Probability and Statistics,Physics: 5d,History: Medicine through time and the Western Front,English Lang: persuasive writing,Biology: 6a,Music: All content,Chemistry: 7,Biology: 5b
Fri 01/06/18,Physics: 5b,Chemistry: 7,Maths: Number,Biology: 7b,English Lang: non-fiction and literary non-fiction,History: Superpower Relations,Music: All content,Chemistry: 6a
Sat 02/06/18,English Lang: non-fiction and literary non-fiction,Music: All content,Maths: Graphs,History: Anglo-Saxons,Chemistry: 7,Physics: 5a,Biology: 7b,Maths: Pythagoras and Trig
Sun 03/06/18,History: USA at home and abroad,Maths: Ratio Proportion,Music: All content,English Lang: Literature Text,Chemistry: 6a,Physics: 5a,Biology: 7a,English Lang: Literature Text
Mon 04/06/18,Physics: 5c,English Lang: Creative Writing,Biology: 5b,Maths: Probability and Statistics,History: USA at home and abroad,Chemistry: 6b,Music: All content,English Lang: persuasive writing
Tue 05/06/18,English Lang: persuasive writing,Maths: Ratio Proportion,History: Anglo-Saxons,Biology: 6a,Chemistry: 6a,Music: All content,Physics: 7,Maths: Pythagoras and Trig
Wed 06/06/18,Maths: Pythagoras and Trig,Physics: 6a,Chemistry: 9,English Lang: non-fiction and literary non-fiction,History: Superpower Relations,Biology: 6a,Maths: Ratio Proportion,Maths: Number
Thu 07/06/18,History: USA at home and abroad,Chemistry: 10,Maths: Probability and Statistics,English Lang: non-fiction and literary non-fiction,Biology: 6b,Physics: 7,Maths: Ratio Proportion,History: Superpower Relations
Fri 08/06/18,History: USA at home and abroad,Chemistry: 6a,Maths: Geometry and Measures,Physics: 5d,Biology: 6a,Maths: Graphs,Biology: 6c,Biology: 5a
Sat 09/06/18,Chemistry: 9,History: USA at home and abroad,Maths: Number,Physics: 5c,Biology: 7a,Maths: Graphs,Chemistry: 9,Maths: Pythagoras and Trig
Sun 10/06/18,Physics: 5a,History: USA at home and abroad,Biology: 5a,Maths: Ratio Proportion,Chemistry: 6a,Physics: 5b,Physics: 5d,Physics: 5d
Mon 11/06/18,Physics: 5d,History: USA at home and abroad,Chemistry: 7,Maths: Probability and Statistics,History: USA at home and abroad,Maths: Pythagoras and Trig,Maths: Number,Physics: 6a
Tue 12/06/18,Physics: 5c,Chemistry: 10,Physics: 5d,Physics: 7,Physics: 7,Chemistry: 7,Physics: 5b,Physics: 5a
Wed 13/06/18,Physics: 5c,Physics: 6b,Physics: 6a,Physics: 5a,Physics: 5c,Physics: 7,Physics: 7,Physics: 5a
Thu 14/06/18,Physics: 5c,Physics: 7,Physics: 5d,Physics: 5b,Physics: 5d,Physics: 5d,Physics: 5b,Physics: 7
